{
  "filter": [
    {
      "resourceUrl": "filter/qingxin", 
      "name": "清新",
      "id": 1
    }, 
    {
      "resourceUrl": "filter/tianmei", 
      "name": "甜美",
      "id": 2
    }, 
    {
      "resourceUrl": "filter/rixi", 
      "name": "日系",
      "id": 3
    }, 
    {
      "resourceUrl": "filter/wenyi", 
      "name": "文艺",
      "id": 4
    }, 
    {
      "resourceUrl": "filter/wuhou", 
      "name": "午后",
      "id": 5
    }, 
    {
      "resourceUrl": "filter/zhishu", 
      "name": "静物",
      "id": 6
    }, 
    {
      "resourceUrl": "filter/charmes", 
      "name": "普罗旺斯",
      "id": 7
    }, 
    {
      "resourceUrl": "filter/brooklyn", 
      "name": "Cappuccino",
      "id": 8
    }, 
    {
      "resourceUrl": "filter/heibai", 
      "name": "旧时光",
      "id": 9
    }
  ],
}